{"ACSF1": {"acc": 0.85999995470047, "loss": 0.9763760268688202, "batch_size": 32, "epochs": 2000, "cell": 64}, "Adiac": {"acc": 0.8363171219825745, "loss": 0.782735787332058, "batch_size": 32, "epochs": 2000, "cell": 64}, "AllGestureWiimoteX": {"acc": 0.6842857003211975, "loss": 0.015869433234911412, "batch_size": 32, "epochs": 2000, "cell": 64}, "AllGestureWiimoteY": {"acc": 0.5971428751945496, "loss": 0.2565946897957474, "batch_size": 32, "epochs": 2000, "cell": 64}, "AllGestureWiimoteZ": {"acc": 0.7128571271896362, "loss": 0.013871670875232667, "batch_size": 32, "epochs": 2000, "cell": 64}, "ArrowHead": {"acc": 0.7771428227424622, "loss": 0.018209483940154314, "batch_size": 32, "epochs": 2000, "cell": 64}, "Beef": {"acc": 0.7666667103767395, "loss": 0.0012525754282251, "batch_size": 32, "epochs": 2000, "cell": 64}}