{
  "ACSF1": {
    "acc": 0.8899999856948853,
    "loss": 0.026818502694368362,
    "batch_size": 128,
    "epochs": 2000,
    "cell": 64
  },
  "Adiac": {
    "acc": 0.8414322137832642,
    "loss": 1.4315974563360214,
    "batch_size": 128,
    "epochs": 2000,
    "cell": 64
  },
  "AllGestureWiimoteX": {
    "acc": 0.7114285826683044,
    "loss": 0.007254754425957799,
    "batch_size": 128,
    "epochs": 2000,
    "cell": 64
  },
  "AllGestureWiimoteY": {
    "acc": 0.772857129573822,
    "loss": 0.003938743844628334,
    "batch_size": 128,
    "epochs": 2000,
    "cell": 64
  },
  "AllGestureWiimoteZ": {
    "acc": 0.7128571271896362,
    "loss": 0.013871670875232667,
    "batch_size": 32,
    "epochs": 2000,
    "cell": 64
  },
  "ArrowHead": {
    "acc": 0.845714271068573,
    "loss": 5.3562856919597834e-05,
    "batch_size": 128,
    "epochs": 2000,
    "cell": 64
  },
  "Beef": {
    "acc": 0.7666667103767395,
    "loss": 0.0012525754282251,
    "batch_size": 32,
    "epochs": 2000,
    "cell": 64
  },
  "Wine": {
    "acc": 0.5,
    "loss": 0.4367705285549164,
    "batch_size": 32,
    "epochs": 2000,
    "cell": 64
  },
  "Yoga": {
    "acc": 0.871999979019165,
    "loss": 0.010719099809648469,
    "batch_size": 32,
    "epochs": 2000,
    "cell": 64
  },
  "FaceAll": {
    "acc": 0.8958579897880554,
    "loss": 0.001405665316269733,
    "batch_size": 128,
    "epochs": 2000,
    "cell": 64
  },
  "Fish": {
    "acc": 0.9542856812477112,
    "loss": 0.00545642149518244,
    "batch_size": 32,
    "epochs": 2000,
    "cell": 64
  },
  "CricketX": {
    "acc": 0.764102578163147,
    "loss": 0.053176112938672304,
    "batch_size": 128,
    "epochs": 2000,
    "cell": 64
  },
  "CricketY": {
    "acc": 0.7846153974533081,
    "loss": 0.04213403956964612,
    "batch_size": 128,
    "epochs": 2000,
    "cell": 64
  },
  "CricketZ": {
    "acc": 0.7923077344894409,
    "loss": 0.058654455468058586,
    "batch_size": 128,
    "epochs": 2000,
    "cell": 64
  },
  "UWaveGestureLibraryAll": {
    "acc": 0.823841392993927,
    "loss": 0.013178574619814754,
    "batch_size": 128,
    "epochs": 2000,
    "cell": 64
  },
  "UWaveGestureLibraryX": {
    "acc": 0.7805694937705994,
    "loss": 0.014476807555183768,
    "batch_size": 128,
    "epochs": 2000,
    "cell": 64
  },
  "UWaveGestureLibraryY": {
    "acc": 0.6954215168952942,
    "loss": 0.06322556477971375,
    "batch_size": 128,
    "epochs": 2000,
    "cell": 64
  },
  "UWaveGestureLibraryZ": {
    "acc": 0.73618084192276,
    "loss": 0.018172031734138727,
    "batch_size": 128,
    "epochs": 2000,
    "cell": 64
  },
  "BME": {
    "acc": 0.9933333396911621,
    "loss": 0.00023088503803592175,
    "batch_size": 128,
    "epochs": 2000,
    "cell": 64
  },
  "CBF": {
    "acc": 0.995555579662323,
    "loss": 1.5878487829468213e-05,
    "batch_size": 128,
    "epochs": 2000,
    "cell": 64
  },
  "DiatomSizeReduction": {
    "acc": 0.9281045794487,
    "loss": 6.560618930961937e-05,
    "batch_size": 64,
    "epochs": 2000,
    "cell": 64
  },
  "Chinatown": {
    "acc": 0.9766764044761658,
    "loss": 7.903537152742501e-06,
    "batch_size": 128,
    "epochs": 2000,
    "cell": 64
  },
  "ChlorineConcentration": {
    "acc": 0.8140625357627869,
    "loss": 0.011661047989036888,
    "batch_size": 64,
    "epochs": 2000,
    "cell": 64
  },
  "Coffee": {
    "acc": 1.0,
    "loss": 1.917968074849341e-05,
    "batch_size": 128,
    "epochs": 2000,
    "cell": 64
  },
  "Crop": {
    "acc": 0.7600595355033875,
    "loss": 0.004652233841625275,
    "batch_size": 128,
    "epochs": 2000,
    "cell": 64
  },
  "DistalPhalanxOutlineAgeGroup": {
    "acc": 0.7553957104682922,
    "loss": 0.0008765534148551524,
    "batch_size": 128,
    "epochs": 2000,
    "cell": 64
  },
  "DistalPhalanxOutlineCorrect": {
    "acc": 0.7681159377098083,
    "loss": 0.001116049817937892,
    "batch_size": 128,
    "epochs": 2000,
    "cell": 128
  },
  "DistalPhalanxTW": {
    "acc": 0.6978417634963989,
    "loss": 0.0010470134729985148,
    "batch_size": 128,
    "epochs": 2000,
    "cell": 64
  },
  "DodgerLoopDay": {
    "acc": 0.6000000238418579,
    "loss": 0.0007362854667007923,
    "batch_size": 64,
    "epochs": 2000,
    "cell": 64
  },
  "DodgerLoopGame": {
    "acc": 0.8478261232376099,
    "loss": 0.00031500315526500344,
    "batch_size": 128,
    "epochs": 2000,
    "cell": 64
  },
  "DodgerLoopWeekend": {
    "acc": 0.95652174949646,
    "loss": 1.5824885849724524e-05,
    "batch_size": 64,
    "epochs": 2000,
    "cell": 64
  },
  "ECG200": {
    "acc": 0.8999999761581421,
    "loss": 2.9715751225012355e-05,
    "batch_size": 128,
    "epochs": 2000,
    "cell": 64
  },
  "ECG5000": {
    "acc": 0.9420000314712524,
    "loss": 0.00015414731024065986,
    "batch_size": 128,
    "epochs": 2000,
    "cell": 64
  },
  "ECGFiveDays": {
    "acc": 0.9883855581283569,
    "loss": 8.67631024448201e-06,
    "batch_size": 64,
    "epochs": 2000,
    "cell": 64
  },
  "ElectricDevices": {
    "acc": 0.7410193085670471,
    "loss": 2.2968888473697007,
    "batch_size": 128,
    "epochs": 2000,
    "cell": 64
  },
  "FaceFour": {
    "acc": 0.9431818723678589,
    "loss": 0.00010019439650932327,
    "batch_size": 128,
    "epochs": 2000,
    "cell": 64
  },
  "FacesUCR": {
    "acc": 0.9297561049461365,
    "loss": 0.004202088690362871,
    "batch_size": 128,
    "epochs": 2000,
    "cell": 64
  },
  "FreezerRegularTrain": {
    "acc": 0.9985965490341187,
    "loss": 0.001782183418981731,
    "batch_size": 128,
    "epochs": 2000,
    "cell": 64
  },
  "FreezerSmallTrain": {
    "acc": 0.8052631616592407,
    "loss": 0.00013356127601582557,
    "batch_size": 128,
    "epochs": 2000,
    "cell": 64
  },
  "Fungi": {
    "acc": 0.9946236610412598,
    "loss": 0.0003304585115984082,
    "batch_size": 128,
    "epochs": 2000,
    "cell": 64
  },
  "GestureMidAirD1": {
    "acc": 0.607692301273346,
    "loss": 0.04747193120419979,
    "batch_size": 128,
    "epochs": 2000,
    "cell": 64
  },
  "GestureMidAirD2": {
    "acc": 0.5692307949066162,
    "loss": 0.22239651530981064,
    "batch_size": 128,
    "epochs": 2000,
    "cell": 128
  },
  "GestureMidAirD3": {
    "acc": 0.13076923787593842,
    "loss": 0.1633603349328041,
    "batch_size": 128,
    "epochs": 2000,
    "cell": 64
  },
  "GunPoint": {
    "acc": 1.0,
    "loss": 2.2785208784625866e-05,
    "batch_size": 128,
    "epochs": 2000,
    "cell": 64
  },
  "GunPointAgeSpan": {
    "acc": 0.9272152185440063,
    "loss": 0.07273893430829048,
    "batch_size": 128,
    "epochs": 2000,
    "cell": 64
  },
  "GunPointMaleVersusFemale": {
    "acc": 0.996835470199585,
    "loss": 0.1299358243122697,
    "batch_size": 128,
    "epochs": 2000,
    "cell": 128
  },
  "GunPointOldVersusYoung": {
    "acc": 1.0,
    "loss": 0.03025211315252818,
    "batch_size": 128,
    "epochs": 2000,
    "cell": 128
  },
  "InsectWingbeatSound": {
    "acc": 0.4742424488067627,
    "loss": 0.007688521174713969,
    "batch_size": 128,
    "epochs": 2000,
    "cell": 128
  },
  "ItalyPowerDemand": {
    "acc": 0.9582118391990662,
    "loss": 1.2374460311548319e-05,
    "batch_size": 128,
    "epochs": 2000,
    "cell": 128
  },
  "Lightning7": {
    "acc": 0.8219177722930908,
    "loss": 0.0009880656143650413,
    "batch_size": 128,
    "epochs": 2000,
    "cell": 128
  },
  "MedicalImages": {
    "acc": 0.7842105627059937,
    "loss": 0.085908567532897,
    "batch_size": 128,
    "epochs": 2000,
    "cell": 128
  },
  "MelbournePedestrian": {
    "acc": 0.9692497253417969,
    "loss": 0.0012102000546292402,
    "batch_size": 128,
    "epochs": 2000,
    "cell": 128
  },
  "MiddlePhalanxOutlineAgeGroup": {
    "acc": 0.5129870176315308,
    "loss": 0.0012348665914032608,
    "batch_size": 128,
    "epochs": 2000,
    "cell": 64
  },
  "MiddlePhalanxOutlineCorrect": {
    "acc": 0.8144329786300659,
    "loss": 0.0008431491442024708,
    "batch_size": 128,
    "epochs": 2000,